{
    "openapi": "3.0.0",
    "info": {
        "title": "Quiz application API",
        "description": "L5 Swagger OpenApi description",
        "contact": {
            "email": "daler.sultonov@gmail.com"
        },
        "version": "1.0.0"
    },
    "servers": [
        {
            "url": "https://quiz.firefox.uz",
            "description": "Demo API Server"
        }
    ],
    "paths": {
        "/api/register": {
            "post": {
                "description": "Home page",
                "responses": {
                    "200": {
                        "description": "Register user"
                    }
                }
            }
        }
    },
    "tags": [
        {
            "name": "Projects",
            "description": "API Endpoints of Projects"
        }
    ],
    "security": [
        []
    ]
}